month,actual_excess,fitted_ff3,resid_ff3
2015-01,0.061424474187380396,-0.010893603313885714,0.0723180775012661
2015-02,0.10077619671268767,0.09473921895976126,0.006036977752926415
2015-03,-0.03137149289221741,-0.013927308580531579,-0.01744418431168583
2015-04,0.005786108326273798,0.01743309917939609,-0.011646990853122291
2015-05,0.04533903946468487,0.028898110871597996,0.016440928593086875
2015-06,-0.037227195995874984,-0.017111854867785693,-0.02011534112808929
2015-07,-0.03292653024634007,0.06450933413098105,-0.09743586437732112
2015-08,-0.06619635243091315,-0.083295239284057,0.01709888685314384
2015-09,-0.02181611399671457,-0.024088747059005378,0.0022726330622908075
2015-10,0.08340862914308134,0.11731463864464896,-0.03390600950156762
2015-11,-0.005804196686560736,0.00694760062369922,-0.012751797310259955
2015-12,-0.11032825237350442,0.003427488007784733,-0.11375574038128916
2016-01,-0.07534249585666232,-0.06389636335599694,-0.011446132500665382
2016-02,-0.0014874510212639302,0.007723278134533328,-0.009210729155797258
2016-03,0.12701089812465535,0.08843878533640795,0.038572112788247404
2016-04,-0.1400212712221337,0.00030651237378429605,-0.140327783595918
2016-05,0.07167278778632101,0.04145530214986589,0.03021748563645512
2016-06,-0.04285949392429691,0.01406719314991072,-0.05692668707420763
2016-07,0.08986247056574889,0.057065189393606726,0.032797281172142166
2016-08,0.02345182771475194,-0.006355076433429527,0.029806904148181466
2016-09,0.06530456435195028,0.011934839953126166,0.05336972439882412
2016-10,0.0041341735050506095,-0.023864570324614615,0.027998743829665225
2016-11,-0.021700633917914002,0.00665021243554695,-0.028350846353460954
2016-12,0.04765501066253371,0.013148100169843491,0.034506910492690224
2017-01,0.04734640786434348,0.05176076527741085,-0.004414357413067373
2017-02,0.13337817082446185,0.06931323485434052,0.06406493597012133
2017-03,0.04838937937053985,0.024564403685677066,0.023824975684862786
2017-04,-0.000569703572331048,0.03122925158009503,-0.031798955152426076
2017-05,0.06720732359539532,0.051081130125339005,0.01612619347005631
2017-06,-0.05781371918422258,0.002637355763960566,-0.06045107494818315
2017-07,0.03200373907029267,0.03933729265265851,-0.007333553582365843
2017-08,0.10609944179726906,0.027455033782972555,0.07864440801429651
2017-09,-0.06114394429619062,0.009115732751777413,-0.07025967704796804
2017-10,0.0959075829516959,0.04323056310715844,0.05267701984453745
2017-11,0.019478094708361395,0.05032627335659318,-0.030848178648231788
2017-12,-0.016145911377336553,0.025445268632286556,-0.04159118000962311
2018-01,-0.011736449727077002,0.09750603599313826,-0.10924248572021526
2018-02,0.06708494427545207,-0.03397381762302538,0.10105876189847746
2018-03,-0.059250749051203,-0.03273276490645165,-0.02651798414475135
2018-04,-0.016419485629033434,0.006685810745878267,-0.0231052963749117
2018-05,0.1337237623104542,0.041964319429172156,0.09175944288128203
2018-06,-0.010818127087267414,0.023700218689496517,-0.03451834577676393
2018-07,0.026383163146324985,0.05377038556895821,-0.027387222422633226
2018-08,0.198822151482333,0.07006056251452777,0.12876158896780523
2018-09,-0.00980317808241332,0.02591722584074224,-0.03572040392315556
2018-10,-0.03237721331817521,-0.09185677074590841,0.0594795574277332
2018-11,-0.18299740350576896,0.031570073986931645,-0.2145674774927006
2018-12,-0.11859873917034879,-0.09546512844924517,-0.02313361072110362
2019-01,0.053054225234007595,0.10829013317422986,-0.05523590794022227
2019-02,0.042976467164604036,0.059755861610938946,-0.01677939444633491
2019-03,0.0951257363341398,0.0549807360532787,0.0401450002808611
2019-04,0.05433586547053348,0.05283286576070561,0.001502999709827868
2019-05,-0.1263127031844794,-0.0637360353797977,-0.0625766678046817
2019-06,0.12871897718369033,0.10127704857472938,0.02744192860896094
2019-07,0.07449433469322965,0.027874887886260726,0.046619446806968924
2019-08,-0.018061067526189478,0.010094267160534437,-0.028155334686723914
2019-09,0.07116156987816694,-0.007366366426353237,0.07852793630452018
2019-10,0.10918452910673776,0.04373708077184143,0.06544744833489632
2019-11,0.07635406303491674,0.06679330492256609,0.009560758112350645
2019-12,0.09738356797045762,0.03220248843304702,0.06518107953741059
2020-01,0.05271016103182865,0.05258502900932425,0.00012513202250440114
2020-02,-0.11590133093975477,-0.07770861490492978,-0.03819271603482499
2020-03,-0.07096147989868543,-0.06768666457986106,-0.00327481531882437
2020-04,0.15537381368367686,0.18103077393940153,-0.02565696025572467
2020-05,0.08499410932402628,0.09849529142461519,-0.013501182100588913
2020-06,0.14728637683946233,0.0440175753898252,0.10326880144963713
2020-07,0.165031543162534,0.1012410313220413,0.06379051184049268
2020-08,0.21646894455668053,0.12428825682797101,0.09218068772870952
2020-09,-0.10262618744341213,-0.02484624949709563,-0.0777799379463165
2020-10,-0.06011185373343998,-0.05471519929002993,-0.0053966544434100525
2020-11,0.09539300325481136,0.13427844383157986,-0.0388854405767685
2020-12,0.11447355728750484,0.059761701674850266,0.05471185561265458
2021-01,-0.005501097234419605,-0.031004243356618853,0.025503146122199248
2021-02,-0.07971224055000581,-0.005783698837200392,-0.07392854171280541
2021-03,0.007339525178013506,0.015889055561296446,-0.00854953038328294
2021-04,0.07621780196788919,0.08802590887955922,-0.01180810691167003
2021-05,-0.05049700780558186,-0.026550527559992387,-0.023946480245589475
2021-06,0.09910917921785733,0.08322723937152608,0.015881939846331253
2021-07,0.06498212580004914,0.04986606895175348,0.015116056848295659
2021-08,0.04248954934213245,0.04980153751379027,-0.007311988171657818
2021-09,-0.06803667204999841,-0.07689529660467492,0.008858624554676509
2021-10,0.05865735937570471,0.10541107662522858,-0.046753717249523874
2021-11,0.10508176853335671,-0.004240938332136588,0.1093227068654933
2021-12,0.07412841437059935,0.03684547123665454,0.037282943133944806
2022-01,-0.015711988373545593,-0.1201796271672476,0.10446763879370201
2022-02,-0.054065668213988616,-0.04537206856009615,-0.008693599653892464
2022-03,0.057473212719114875,0.0645348614079376,-0.007061648688822725
2022-04,-0.09713089904536643,-0.14155587021890054,0.04442497117353411
2022-05,-0.05479598237678821,-0.03703168710900812,-0.01776429526778009
2022-06,-0.08202969031045156,-0.07441119383482374,-0.007618496475627817
2022-07,0.18783351475988366,0.14574256423132556,0.0420909505285581
2022-08,-0.03310804243232389,-0.045786139222521074,0.012678096790197185
2022-09,-0.12287701610054423,-0.10834884969336268,-0.014528166407181548
2022-10,0.10725151736194369,0.0643259821772996,0.04292553518464409
2022-11,-0.035927240726927975,0.0707781362438868,-0.10670537697081478
2022-12,-0.12557268587745554,-0.0793557226507079,-0.04621696322674765
2023-01,0.1070209681834427,0.09795300448578587,0.009067963697656833
2023-02,0.019782947749189164,-0.022500401090105912,0.042283348839295076
2023-03,0.11504871975788115,0.10808909489638095,0.006959624861500202
2023-04,0.02548711958384692,0.025851976963805774,-0.00036485737995885226
2023-05,0.042458508354458684,0.052475559382876194,-0.01001705102841751
2023-06,0.0903300005783787,0.08794649542007471,0.002383505158303989
2023-07,0.008285551229347324,0.0202069565554685,-0.011921405326121175
2023-08,-0.04688400165478818,-0.0038616165917647375,-0.04302238506302344
2023-09,-0.09297820853650554,-0.0601293684324804,-0.03284884010402514
2023-10,-0.007270030206797468,-0.019499624088429517,0.012229593881632049
2023-11,0.10938022655739528,0.11512281847047703,-0.005742591913081754
2023-12,0.009282496186768322,0.02264931554868851,-0.013366819361920189
