month,rolling_beta
2017-12,1.2269364918490406
2018-01,1.2389525261117773
2018-02,1.0290252012383518
2018-03,1.053398363747803
2018-04,1.0571117518943824
2018-05,1.1090310607462812
2018-06,1.0931900651435351
2018-07,1.094291925737696
2018-08,1.2058854818333669
2018-09,1.2275058013216644
2018-10,1.110286419641185
2018-11,1.0519787446730349
2018-12,1.044799833937795
2019-01,0.9302897176422997
2019-02,0.9290300760427453
2019-03,0.8435471681400944
2019-04,0.8411656330105068
2019-05,0.9806086372658059
2019-06,1.030154505837523
2019-07,1.0090541411196876
2019-08,1.0133925333250484
2019-09,1.0249089828662539
2019-10,1.0488452097315264
2019-11,1.1325219186991706
2019-12,1.1487421107860933
2020-01,1.1381585740159783
2020-02,1.1655668476899548
2020-03,1.0348144351296908
2020-04,1.034743202930685
2020-05,1.039150614306965
2020-06,1.0565257614827925
2020-07,1.0995586003310895
2020-08,1.1788738888075545
2020-09,1.2331287112317557
2020-10,1.243761737438772
2020-11,1.172481011775612
2020-12,1.1835177059462214
2021-01,1.2254962481425355
2021-02,1.2450282451855392
2021-03,1.2213569873532166
2021-04,1.2165885652057569
2021-05,1.2157979742449816
2021-06,1.218346268056464
2021-07,1.222319111818918
2021-08,1.1962823261423947
2021-09,1.2083335072747616
2021-10,1.2320568429636805
2021-11,1.1997106569914302
2021-12,1.17185813100959
2022-01,1.1913040308336387
2022-02,1.2150756832022638
2022-03,1.2168185680457377
2022-04,1.2254958079918004
2022-05,1.1869317490439217
2022-06,1.1784515853302533
2022-07,1.2160615430655501
2022-08,1.2170707499174025
2022-09,1.2398539009343392
2022-10,1.229340016459857
2022-11,1.1963555725601889
2022-12,1.2217776130864422
2023-01,1.2305696113692228
2023-02,1.2018461841262376
2023-03,1.306976432556249
2023-04,1.348247489045409
2023-05,1.3475334485621233
2023-06,1.3290795002037161
2023-07,1.281659913075608
2023-08,1.2088785563887186
2023-09,1.2014018213966096
2023-10,1.1799591242676526
2023-11,1.25399232409886
2023-12,1.2045441169631164
