month,strategy_gross,strategy_net,equal_weight_16,spy
2021-01,0.9901259368128031,0.9891259368128031,1.003325007797567,0.9898095344011711
2021-02,0.9765961516314877,0.9755746325853871,1.0512298083689868,1.0173314935423725
2021-03,0.9619109486217113,0.9608780829010961,1.0830541979985377,1.063517819435292
2021-04,1.0439959668131706,1.0424706835382511,1.1420824467131103,1.1197889504326266
2021-05,1.0663725805135091,1.0639584902500019,1.1615166439265867,1.1271414756126943
2021-06,1.1528869199566472,1.1502106570740034,1.2161506617978415,1.1524205065605562
2021-07,1.1554828527335763,1.152281523255987,1.235406487689024,1.1805541333345553
2021-08,1.254187107728436,1.2502365847975003,1.2869720578544521,1.215686996779778
2021-09,1.1934966838058347,1.189202100714847,1.2332755640818358,1.159029442706544
2021-10,1.3180361901140467,1.3132361997863358,1.3327835689627658,1.2403510113885972
2021-11,1.3269439370966603,1.321474489232303,1.360384557812119,1.2303849972320298
2021-12,1.3136593843274411,1.3081967466096294,1.389470403701185,1.2872876237280861
2022-01,1.2424870173419273,1.2366717150068205,1.3409139062166096,1.2193946314598965
2022-02,1.2624250810837327,1.25600337562597,1.314756347096709,1.1834017673766568
2022-03,1.3711601830732265,1.3631805610642014,1.366576632924308,1.2278859811347989
2022-04,1.1954100791681934,1.1872377170397026,1.2358365582607038,1.1201157136630562
2022-05,1.2922248903405156,1.283298519137514,1.2550048394221494,1.122644251249552
2022-06,1.1433474522362765,1.1349117499762018,1.119160586136703,1.0300703245936211
2022-07,1.345777427011093,1.335394216690805,1.2385832417559075,1.124927011422437
2022-08,1.3086609236076876,1.2974957665612363,1.1868861262051584,1.0790277049042507
2022-09,1.2209304475650526,1.2099521151681027,1.061627322211253,0.9792760026599301
2022-10,1.4204864613418262,1.407184581756335,1.1359336773125532,1.0588672595756694
2022-11,1.4518634867670812,1.4376441775908655,1.2399069839029964,1.1177314348166396
2022-12,1.3965525881417078,1.3828246613842459,1.1588887253419933,1.0533185414516075
2023-01,1.3880476365278323,1.3737758580867965,1.2571522466378726,1.1195588590640575
2023-02,1.3322101879850021,1.3184850380813378,1.2570455447333726,1.091410163111956
2023-03,1.3329862513951782,1.318714244942926,1.3461095335303854,1.13187698686232
2023-04,1.4010611871049536,1.3855111681097758,1.3975235750934787,1.1499588549751105
2023-05,1.4188292322256597,1.4024689013244636,1.4594844154294955,1.1552671712403233
2023-06,1.509468451599588,1.4909059334671582,1.5378925057896706,1.230128292461198
2023-07,1.575388413841928,1.5542261652843279,1.60983191114396,1.27039445820841
2023-08,1.5263723987620241,1.5058068582133408,1.5846621851798275,1.2497479217312173
2023-09,1.4597950685838617,1.4388555201858044,1.5365090230791771,1.1904667444389
2023-10,1.4458424957604232,1.4239128585333283,1.4928820393082833,1.1646234564887612
2023-11,1.6091438294715166,1.583587574197616,1.6114550506421015,1.2710046277357825
2023-12,1.739159831702697,1.710255844918791,1.6905287330435845,1.3290327720255422
