month,strategy_gross,strategy_net,equal_weight_16,spy,turnover
2021-01,-0.009874063187196882,-0.010874063187196883,0.0033250077975669617,-0.010190465598828857,1.0
2021-02,-0.013664711405164743,-0.01370028195912193,0.047746044600819125,0.02780530817765059,0.03557055395718681
2021-03,-0.015037129713488475,-0.015064505772709026,0.030273484804361976,0.045399485011613505,0.027376059220551918
2021-04,0.08533536114655518,0.08491462349813367,0.05450165727962245,0.0529103790919212,0.4207376484215123
2021-05,0.021433620829632027,0.02061238464646206,0.01701645732268079,0.006565991901623214,0.8212361831699677
2021-06,0.08112956111594434,0.08106722923347759,0.04703679293527893,0.022427558114761714,0.06233188246674978
2021-07,0.0022516803096584333,0.001800423400050617,0.01583342138112767,0.02441263984269515,0.45125690960781617
2021-08,0.08542251818047367,0.08500966088974744,0.04173975989221768,0.02975963782870994,0.4128572907262303
2021-09,-0.048390246996337476,-0.04881834752303219,-0.04172312323713947,-0.046605379693386295,0.4281005266947152
2021-10,0.10434843095757836,0.10430026906017918,0.08068594544400384,0.07016350550349482,0.04816189739917079
2021-11,0.006758347797599363,0.006273273191302124,0.02070928055545706,-0.008034833740660496,0.48507460629723936
2021-12,-0.010011389628325752,-0.010047672301556874,0.021380605742720417,0.04624782212402545,0.03628267323112294
2022-01,-0.0541787070793486,-0.05467452184709659,-0.03494604660540713,-0.05274112095598826,0.4958147677479915
2022-02,0.016046899052884412,0.015632006768298328,-0.01950726217293417,-0.02951699405150565,0.41489228458608496
2022-03,0.08613192467322481,0.08533192467322481,0.039414364450135984,0.037590119420519263,0.7999999999999999
2022-04,-0.12817620149318984,-0.12906789390185017,-0.09566977183258021,-0.08776895341059476,0.8916924086603345
2022-05,0.08098878607388789,0.08091117787036997,0.015510369096397768,0.002257389621137307,0.07760820351791903
2022-06,-0.11521016134042131,-0.11562919067423269,-0.10824201550329796,-0.08246060722521142,0.4190293338113883
2022-07,0.1770502696961304,0.1766502696961304,0.10670734575405871,0.09208758330771083,0.39999999999999986
2022-08,-0.027579971738595256,-0.028379971738595255,-0.04173891088455187,-0.04080203075588695,0.8
2022-09,-0.06703835536005873,-0.06747124241118051,-0.10553565437182796,-0.09244591384534673,0.4328870511217845
2022-10,0.16344584916753907,0.1630084894399561,0.06999288125566341,0.08127561249285375,0.4373597275829755
2022-11,0.022088929587977528,0.021645771442800353,0.09153114188535033,0.05559164730861488,0.4431581451771763
2022-12,-0.03809648712120739,-0.03813149113049906,-0.06534220680487873,-0.057628238196234305,0.03500400929166994
2023-01,-0.006089961585472658,-0.006543709806557363,0.08479116169404549,0.06288726060130134,0.4537482210847055
2023-02,-0.04022732871222355,-0.04024733706010815,-8.487588101233068e-05,-0.025142667332053947,0.020008347884594574
2023-03,0.0005825382639880645,0.00017384107894161897,0.07085183919561477,0.03707755811525559,0.4086971850464456
2023-04,0.051069495757007435,0.050653068640917565,0.03819454530438672,0.015975117722744292,0.41642711608987226
2023-05,0.01268184807647157,0.012239333471286865,0.04433616823377903,0.004616092342997424,0.44251460518470476
2023-06,0.06388310680048943,0.06305810564439351,0.05372314327666275,0.06479983425868663,0.8250011560959148
2023-07,0.04367097713932635,0.04247097713932635,0.046777915285665675,0.03273330594376356,1.1999999999999997
2023-08,-0.031113606428250694,-0.03115332128135256,-0.015635002505476975,-0.01625206749272956,0.0397148531018682
2023-09,-0.04361801237506693,-0.044462101937146815,-0.030387020370014117,-0.047434507600699005,0.8440895620798894
2023-10,-0.009557898313065041,-0.010385102216897053,-0.028393574730504925,-0.02170853412819984,0.8272039038320107
2023-11,0.11294545165876241,0.11213798281782313,0.0794255729600432,0.09134383362649356,0.8074688409392801
2023-12,0.08079824801856338,0.07998816913258246,0.049069741268907986,0.04565533674974365,0.8100788859809175
