month,holdings
2021-01,"['AAPL', 'MSFT', 'NVDA', 'AMD', 'AMZN']"
2021-02,"['AAPL', 'MSFT', 'NVDA', 'AMD', 'AMZN']"
2021-03,"['AAPL', 'MSFT', 'NVDA', 'AMD', 'AMZN']"
2021-04,"['AAPL', 'NVDA', 'AMD', 'GS', 'AMZN']"
2021-05,"['AAPL', 'GOOGL', 'NVDA', 'GS', 'IWM']"
2021-06,"['AAPL', 'GOOGL', 'NVDA', 'GS', 'IWM']"
2021-07,"['GOOGL', 'NVDA', 'JPM', 'GS', 'IWM']"
2021-08,"['GOOGL', 'NVDA', 'AMD', 'JPM', 'GS']"
2021-09,"['GOOGL', 'NVDA', 'JPM', 'GS', 'IWM']"
2021-10,"['GOOGL', 'NVDA', 'JPM', 'GS', 'IWM']"
2021-11,"['GOOGL', 'NVDA', 'JPM', 'GS', 'XOM']"
2021-12,"['GOOGL', 'NVDA', 'JPM', 'GS', 'XOM']"
2022-01,"['GOOGL', 'NVDA', 'AMD', 'GS', 'XOM']"
2022-02,"['MSFT', 'GOOGL', 'NVDA', 'AMD', 'XOM']"
2022-03,"['GOOGL', 'NVDA', 'XOM', 'CVX', 'BRK-B']"
2022-04,"['AAPL', 'NVDA', 'AMD', 'XOM', 'CVX']"
2022-05,"['AAPL', 'NVDA', 'AMD', 'XOM', 'CVX']"
2022-06,"['AAPL', 'NVDA', 'PG', 'XOM', 'CVX']"
2022-07,"['AAPL', 'NVDA', 'AMD', 'XOM', 'CVX']"
2022-08,"['AAPL', 'JNJ', 'PG', 'XOM', 'CVX']"
2022-09,"['AAPL', 'JNJ', 'XOM', 'CVX', 'BRK-B']"
2022-10,"['AAPL', 'PG', 'XOM', 'CVX', 'BRK-B']"
2022-11,"['AAPL', 'JNJ', 'XOM', 'CVX', 'BRK-B']"
2022-12,"['AAPL', 'JNJ', 'XOM', 'CVX', 'BRK-B']"
2023-01,"['JNJ', 'XOM', 'CVX', 'WMT', 'BRK-B']"
2023-02,"['JNJ', 'XOM', 'CVX', 'WMT', 'BRK-B']"
2023-03,"['GS', 'XOM', 'CVX', 'WMT', 'BRK-B']"
2023-04,"['JPM', 'GS', 'XOM', 'CVX', 'WMT']"
2023-05,"['NVDA', 'GS', 'XOM', 'CVX', 'WMT']"
2023-06,"['NVDA', 'JPM', 'GS', 'XOM', 'META']"
2023-07,"['AAPL', 'MSFT', 'NVDA', 'AMD', 'META']"
2023-08,"['AAPL', 'MSFT', 'NVDA', 'AMD', 'META']"
2023-09,"['AAPL', 'NVDA', 'JPM', 'WMT', 'META']"
2023-10,"['MSFT', 'NVDA', 'JPM', 'META', 'BRK-B']"
2023-11,"['NVDA', 'AMD', 'JPM', 'XOM', 'META']"
2023-12,"['MSFT', 'GOOGL', 'NVDA', 'AMD', 'META']"
