ticker,model,r2,adj_r2,nobs,beta_const,t_const,p_const,beta_Mkt-RF,t_Mkt-RF,p_Mkt-RF,beta_SMB,t_SMB,p_SMB,beta_HML,t_HML,p_HML,beta_UMD,t_UMD,p_UMD,beta_RMW,t_RMW,p_RMW,beta_CMA,t_CMA,p_CMA,alpha_bh_q
AAPL,CAPM,0.480882717128879,0.4759853842716042,108,0.010267241120828266,1.9191530695536383,0.05496496485072531,1.205325779903542,14.089503529388729,4.4064852743169345e-45,,,,,,,,,,,,,,,,0.21985985940290123
MSFT,CAPM,0.45673888312544797,0.45161377824927285,108,0.013333698370838613,3.3898725778085956,0.0006992511751412333,0.920751003507735,9.341218682168952,9.523158610243765e-21,,,,,,,,,,,,,,,,0.011188018802259734
GOOGL,CAPM,0.46589816264593087,0.4608594660671188,108,0.007431893898809357,1.6316338782404405,0.10275663694351747,1.017902458992793,12.726458325156383,4.215302855823396e-37,,,,,,,,,,,,,,,,0.23487231301375422
NVDA,CAPM,0.3409360708754837,0.33471848663845993,108,0.03619358574269587,2.696634230233994,0.007004416117092488,1.6815196919656685,5.130499868220437,2.889737621999852e-07,,,,,,,,,,,,,,,,0.0560353289367399
AMD,CAPM,0.3350059633336897,0.3287324346858943,108,0.031207473286696794,2.304144192873383,0.021214550693525434,2.0566674722503513,6.348736008906144,2.170911953277827e-10,,,,,,,,,,,,,,,,0.11314427036546898
JPM,CAPM,0.542803669999754,0.5384904970752233,108,0.0027307495473289185,0.6226737022943907,0.5334989674083013,1.1323594942839428,15.177169843940764,5.009338067732192e-52,,,,,,,,,,,,,,,,0.7759984980484382
GS,CAPM,0.5952919910145045,0.5914739909297356,108,-0.0023675443870549966,-0.44548235365430316,0.6559712094710116,1.3862149859924942,15.084260715567034,2.0556419886173527e-51,,,,,,,,,,,,,,,,0.8351949539896153
JNJ,CAPM,0.28965836149978397,0.28295702528751765,108,0.0011699834936163601,0.34244235212582824,0.7320180205344806,0.5194403625186188,5.8348854025669805,5.382754985248645e-09,,,,,,,,,,,,,,,,0.8351949539896153
PG,CAPM,0.1280869433985411,0.11986134852494235,108,0.003522156388164279,0.8333873588465223,0.40462630174549785,0.35594585064967926,4.846615495849401,1.2558548959441657e-06,,,,,,,,,,,,,,,,0.6474020827927965
XOM,CAPM,0.2940506162239753,0.2873907163770316,108,-0.0020442726075905445,-0.21335544172101212,0.8310497326586626,0.9377607423509895,4.354727350457036,1.3323264108312405e-05,,,,,,,,,,,,,,,,0.8351949539896153
CVX,CAPM,0.3883106253784713,0.38253997090090963,108,-0.0016289464298217108,-0.2080435618333955,0.8351949539896153,1.0779282270494543,6.7515707953163,1.4625299095222495e-11,,,,,,,,,,,,,,,,0.8351949539896153
WMT,CAPM,0.13124256791527855,0.12304674308429053,108,0.003973908491850262,0.9668882856596491,0.33359988331240453,0.4037886924162164,3.5211669820396923,0.0004296519641317123,,,,,,,,,,,,,,,,0.6474020827927965
AMZN,CAPM,0.3922020123055109,0.3864680690253741,108,0.013080110401823459,1.635812622970779,0.10187880935264097,1.21649717067461,7.098367335884368,1.2623928406722728e-12,,,,,,,,,,,,,,,,0.23487231301375422
META,CAPM,0.25075163901348785,0.24368325824946402,108,0.008312334084338988,0.8750408501999387,0.3815516791001067,1.0320896709563874,7.475040515248689,7.718007178506833e-14,,,,,,,,,,,,,,,,0.6474020827927965
BRK-B,CAPM,0.5595458934713449,0.5553906660512632,108,0.0008250992230698008,0.2845245233474126,0.776008443361027,0.7998670560671248,10.444309351403506,1.5558370210636733e-25,,,,,,,,,,,,,,,,0.8351949539896153
IWM,CAPM,0.8310731898240926,0.8294795406714897,108,-0.004054622849873594,-1.654221674161296,0.09808248059180477,1.1578765817555383,23.853629573633146,9.285204603294937e-126,,,,,,,,,,,,,,,,0.23487231301375422
AAPL,FF3,0.5640230804606563,0.5514468231662522,108,0.00854611721610492,1.8015303054222471,0.07161933510273294,1.2851684741149942,12.526353009765113,5.356993229767411e-36,-0.3354140624386417,-1.7414582603154014,0.08160328358102127,-0.4909641300860801,-3.158433866171522,0.0015861929436982393,,,,,,,,,,0.20422104555747148
MSFT,FF3,0.6208281607593664,0.609890511550502,108,0.010832601408158175,3.903257522162525,9.490662768454136e-05,1.0786107772199791,12.955657496971117,2.1825797021091346e-38,-0.7653934280168211,-3.909920156506305,9.232663367275298e-05,-0.26057975914743775,-2.769469323749971,0.005614769132345227,,,,,,,,,,0.0015185060429526618
GOOGL,FF3,0.5278519805284603,0.5142323261206274,108,0.005886470205001755,1.2889206975660072,0.19742565767761966,1.1056249869831216,12.875506760924548,6.183190692145332e-38,-0.40769220917762217,-2.4242587078760116,0.015339673351405939,-0.2673051523685809,-1.8767679613407555,0.06054990339218798,,,,,,,,,,0.4512586461202735
NVDA,FF3,0.40736359769139274,0.3902683168555676,108,0.034493029692320126,2.726574491216359,0.006399550582196678,1.72371004566526,5.893879601213427,3.772320756263338e-09,-0.08755585119056863,-0.22244691360586485,0.8239659947334627,-0.8823744619349688,-3.099144819120679,0.0019408012810141824,,,,,,,,,,0.03413093643838228
AMD,FF3,0.3705902867026968,0.35243423728065926,108,0.029608076585222215,2.28156509876019,0.022515029229131678,2.100137555329007,7.456473969298704,8.886864349961709e-14,-0.10752751266303148,-0.22284966369378223,0.8236525137338118,-0.7888625136140208,-2.0507684302306455,0.04028950332605763,,,,,,,,,,0.09006011691652671
JPM,FF3,0.7556708781564533,0.7486229227186587,108,0.004526319786115295,1.0418522582312448,0.2974801814008726,1.0775325656429011,13.05310917969113,6.100592536089224e-39,0.16075104891804592,1.0191276761236323,0.3081423565289739,0.8203960165994392,5.598282041999315,2.1648635189843996e-08,,,,,,,,,,0.5949603628017452
GS,FF3,0.7066231824736963,0.6981603896604376,108,-0.000548966781346384,-0.12714952400394483,0.8988220550286847,1.3132643196976217,17.070303036420928,2.469149393121689e-65,0.2785702477721733,1.6967931668524112,0.08973577107444047,0.642314162529556,3.5539319461254832,0.00037951740571411205,,,,,,,,,,0.9963370697799167
JNJ,FF3,0.35776797828018925,0.3392420545767333,108,0.0002669697035927646,0.07948420583450024,0.9366474937823289,0.6017120702446119,6.092427138734756,1.1121146662289617e-09,-0.4443014203067752,-3.1139043776651714,0.0018462931556860358,0.17955422355875478,1.9392314064768479,0.05247316697548268,,,,,,,,,,0.9963370697799167
PG,FF3,0.2994741684580102,0.2792666925481452,108,0.001854576808557513,0.5347310773937307,0.592835828462208,0.49696649318928454,5.956751465490823,2.573010785140208e-09,-0.7479956969518017,-4.739433823115358,2.143162141196043e-06,0.21348320979743024,2.1287442822193063,0.033275422987428645,,,,,,,,,,0.8623066595813934
XOM,FF3,0.5299112845524019,0.5163510331452597,108,-2.8146639443094772e-05,-0.004590818354498293,0.9963370697799167,0.8822656897572139,7.514079449383584,5.731277262830094e-14,0.1401866787264714,0.5398079687038597,0.5893294709926953,0.9868404188228289,4.141952974454904,3.4436095927590944e-05,,,,,,,,,,0.9963370697799167
CVX,FF3,0.58528479040499,0.5733218516666725,108,-0.00010623463188010973,-0.02156693753938855,0.9827934074156112,1.053840090056934,9.375247336141843,6.901376881895529e-21,-0.012566856895946776,-0.07077393221041586,0.9435776788684519,0.9382966213103233,6.357694229657713,2.0480462828172351e-10,,,,,,,,,,0.9963370697799167
WMT,FF3,0.21627722040665087,0.1936698325337659,108,0.0024514817192987097,0.6769883511679216,0.49841334529977754,0.5081161532238846,4.565182647490245,4.99059637442611e-06,-0.5206347445439634,-3.7428026399596517,0.00018197915658250066,-0.06943896610177769,-0.6548007640129248,0.5125960386778046,,,,,,,,,,0.7974613524796441
AMZN,FF3,0.5740226470896126,0.5617348388325822,108,0.010634652479416964,1.770866573375725,0.0765828920840518,1.3111921407116969,10.2037228066146,1.908150406595821e-24,-0.3519875188025501,-1.4219550137020793,0.15503931097453957,-0.9005591286097224,-5.538235363466826,3.055344804433203e-08,,,,,,,,,,0.20422104555747148
META,FF3,0.3088913503111632,0.2889555238778314,108,0.006410608521693882,0.7653726062716256,0.4440497002999495,1.1309278930229563,7.353901492527778,1.9250362487373105e-13,-0.4411599886024959,-1.5343570887283708,0.12494182823477828,-0.42754273034877355,-1.6687051686288932,0.09517582432143354,,,,,,,,,,0.7894216894221324
BRK-B,FF3,0.7035907019327152,0.695040433719236,108,5.125042289800424e-05,0.025143042265075823,0.979940868259505,0.8977550682360131,11.935467902988261,7.732286443080054e-33,-0.5627108006969241,-6.809988945929733,9.760624519519442e-12,0.4503203128212201,7.095061224276744,1.292942337536468e-12,,,,,,,,,,0.9963370697799167
IWM,FF3,0.9909563496155597,0.9906954750852393,108,-0.0016736037597613477,-2.851962764039098,0.004345019007229045,0.9897976252406474,89.75149223539398,0.0,0.8469101639452419,40.55314758247235,0.0,0.05539604716352363,2.5021988680518708,0.012342457360033124,,,,,,,,,,0.03413093643838228
AAPL,FF4,0.566131122992722,0.5492818462157403,108,0.008215062330378275,1.7190970753596204,0.08559669726004915,1.3191041772926022,10.990227228670971,4.258526118655845e-28,-0.2958185425047253,-1.4082136571911121,0.15906781341957943,-0.4674545638045769,-3.3790821445653667,0.000727282736643585,0.10969087084408224,0.6858431479918942,0.4928120240261561,,,,,,,0.22825785936013107
MSFT,FF4,0.621685370513624,0.6069935402423086,108,0.010998074436958721,4.066462818232149,4.773209665082195e-05,1.0616485034962844,12.027580298225145,2.5451087363873593e-33,-0.7851846798390094,-3.245627873506315,0.0011719191916765273,-0.2723306781222175,-3.7219123965611054,0.0001977196239498129,-0.054827406006878306,-0.2798894137237038,0.7795623493846211,,,,,,,0.0007637135464131512
GOOGL,FF4,0.5287891698391756,0.510489720124192,108,0.006075857038999323,1.37310474930857,0.16971978482257155,1.0862113620484963,10.872660426281113,1.5559635992036876e-27,-0.430343650023432,-2.6361721428297744,0.008384718308118204,-0.2807542888068683,-1.83910313163939,0.06590001850122072,-0.06275094446030088,-0.36650348551001094,0.7139894122196839,,,,,,,0.3879309367373064
NVDA,FF4,0.4081184553977206,0.38513276434520494,108,0.03482125607334943,2.655645284721183,0.007915682810712555,1.6900642862402158,5.203269861701366,1.9581220194249715e-07,-0.12681307038044995,-0.3209780245324338,0.7482270443707315,-0.9056831644879964,-2.9734965876778907,0.002944276803746336,-0.10875368140238167,-0.2990384582340003,0.7649107019315108,,,,,,,0.042216974990466956
AMD,FF4,0.37059250177182546,0.3461494921318964,108,0.02958613808630957,2.2848818595754414,0.02231975599505372,2.1023864222673323,6.345138708773754,2.222251299490156e-10,-0.10490357835941297,-0.22986498842131337,0.8181966830599172,-0.787304570757553,-1.9942517566338671,0.046124548562739835,0.007269045570866495,0.020504063349588292,0.983641270674602,,,,,,,0.08927902398021488
JPM,FF4,0.7570338542739458,0.7475982757991475,108,0.004290932762635254,0.9799097000909991,0.3271306943767126,1.1016615681288635,12.448611651976758,1.422989232554593e-35,0.18890430078726683,1.1512617051703338,0.24962458652416875,0.8371118153050496,5.8557459056253425,4.7487379632353986e-09,0.07799252844214549,0.9104073328339108,0.3626077320032174,,,,,,,0.5815656788919336
GS,FF4,0.7068900212510281,0.6955071094549514,108,-0.0004272177549828628,-0.09808138300463765,0.9218676704503829,1.3007840966320625,14.046638040406442,8.0778769243367e-45,0.264008565682195,1.5265315704292906,0.12687753423868073,0.6336682644371476,3.627230271834355,0.00028647778889903484,-0.040340007962268734,-0.38313792286286646,0.7016175026754539,,,,,,,0.9985904484059039
JNJ,FF4,0.36906461075724317,0.3445622655439322,108,-0.0001585724763369697,-0.04636138770411412,0.9630222115502485,0.6453334566982261,6.729134033521389,1.7067578292958257e-11,-0.3934048330803519,-2.6677443729493593,0.007636233350338965,0.20977372043362752,2.215837423637536,0.026702638427314483,0.1409980468794368,1.1500322823756806,0.250130575297123,,,,,,,0.9985904484059039
PG,FF4,0.2997237712260785,0.272528577875635,108,0.0019197594053668222,0.5578852394114001,0.5769227514729576,0.49028476954456024,4.619209532288206,3.8520471416206095e-06,-0.7557918024393746,-5.420911290936792,5.9295980910799345e-08,0.20885432604988496,1.8227441214767308,0.06834215443508167,-0.021597433284155282,-0.17628896453780257,0.8600669312868243,,,,,,,0.8391603657788473
XOM,FF4,0.5299404849728557,0.5116857465251996,108,1.061936215974497e-05,0.0017666118590640703,0.9985904484059039,0.8782918727846212,6.849111889593948,7.430986084011543e-12,0.13555010619609958,0.5007073581869947,0.6165770929795578,0.9840874859303276,4.151840574174584,3.298119923988117e-05,-0.012844626852661634,-0.09750502043058412,0.922325347502952,,,,,,,0.9985904484059039
CVX,FF4,0.5876148966199841,0.5715999411489155,108,0.00024015391401726108,0.05130027144165534,0.9590862518118621,1.0183325673334216,8.264762123769032,1.3997357469067384e-16,-0.053996345374341684,-0.3401112026999889,0.7337727856131455,0.9136981488816951,5.330602141624516,9.788765862804978e-08,-0.11477148620360214,-0.5088339755912887,0.6108686023125136,,,,,,,0.9985904484059039
WMT,FF4,0.21760881631736373,0.18722469267920316,108,0.0022827570926883594,0.6239965008842747,0.5326298830519658,0.5254117410380661,4.525033883225585,6.038583036706825e-06,-0.500454588309066,-3.408562066177202,0.0006530622720020163,-0.057457137820012105,-0.5274257332970341,0.5978979772911902,0.055904782027610456,0.5928440359490819,0.5532855341172984,,,,,,,0.8391603657788473
AMZN,FF4,0.575312098798699,0.5588193647714641,108,0.010924009611606028,1.857891404514501,0.06318443726885921,1.2815307819049266,8.128250373345448,4.355309174955679e-16,-0.38659581666966036,-1.7990632942190812,0.07200866910375528,-0.9211075662601141,-5.189688349921859,2.1064633691005045e-07,-0.09587484487664773,-0.45232903846069256,0.6510319595045342,,,,,,,0.20219019926034948
META,FF4,0.3544127830857351,0.32934143485605494,108,0.00823483585623425,1.0146839277988333,0.3102565178767118,0.9439303889157762,4.418611440380195,9.93370556040265e-06,-0.6593450476453889,-1.8462195329479618,0.06486033590290913,-0.5570886010877791,-2.204402968300832,0.02749601711323909,-0.6044347737199789,-1.7424900590801053,0.08142272944007098,,,,,,,0.5815656788919336
BRK-B,FF4,0.7076595655821175,0.6963065390027823,108,-0.00023170106232992807,-0.10761728088424355,0.9142992884414645,0.9267597983588817,12.233596886514098,2.056274268549242e-34,-0.5288686444360908,-6.850595766037083,7.354305914639564e-12,0.47041385918835754,7.036945324514153,1.9649991334947617e-12,0.09375241435616193,1.4712274102985812,0.14122962673758047,,,,,,,0.9985904484059039
IWM,FF4,0.9923487364339566,0.9920515999847899,108,-0.0018702103366755878,-3.200904873220717,0.0013699675219142069,1.009951330032806,75.17360820348634,0.0,0.8704251156073197,40.30159081682188,0.0,0.06935788718049085,4.050422817991826,5.112517077517156e-05,0.06514311543262274,4.1760173937686575,2.9665714578525568e-05,,,,,,,0.010959740175313655
AAPL,FF5,0.5728617665026742,0.5519236178018249,108,0.007359751055111979,1.5566235591588937,0.11955988696966004,1.2431317941505817,10.961422397799614,5.857145811557701e-28,-0.16865043407049451,-0.811584121829748,0.41703030530784535,-0.5429724584721658,-2.612110668957694,0.00899851197060811,,,,0.4189514819847341,1.6322801203680741,0.10262048913857454,-0.040071761688808966,-0.11448967632880909,0.9088496296834395,0.23911977393932007
MSFT,FF5,0.6295925805556615,0.6114353541123115,108,0.011718550725244477,4.119126816119132,3.8031081007404386e-05,1.0685264818468994,13.035731240971717,7.662881084369965e-39,-0.873501908716932,-3.573582930127803,0.00035212964978686463,-0.10814602322718088,-0.7272256179725625,0.4670877552758316,,,,-0.1875994471032486,-0.9435472204167877,0.3454010741836615,-0.27416603171530873,-1.3270371342154714,0.18449639914812888,0.0006084972961184702
GOOGL,FF5,0.5712807372599373,0.5502650871256205,108,0.0070798152679175715,1.5893343152388564,0.11198493541140994,1.0284716937667921,11.932434129720642,8.019373259356861e-33,-0.5281341272701233,-2.4205144496827473,0.01549856331654744,0.11212386910813371,0.8455604871796214,0.3977979759579935,,,,-0.06070111606742637,-0.3121818888754183,0.7549022953754831,-0.8353681489094905,-4.970120125814752,6.691143352134272e-07,0.23911977393932007
NVDA,FF5,0.4280772056630403,0.4000417745680913,108,0.03517425665285085,2.7344738503520953,0.006248005792672798,1.593853974382701,4.897640121782612,9.699446552606565e-07,-0.12232488441575678,-0.26902784217388775,0.787908257283982,-0.4307516214697713,-1.694681563525619,0.0901358449417709,,,,0.2245132338258342,0.4093771057583262,0.6822629382382377,-1.1060254551278659,-2.174377711589045,0.02967678055212779,0.04059029892617922
AMD,FF5,0.37710996490626014,0.346576139656567,108,0.031680502045701456,2.419640315749285,0.015535865622207445,2.1746789234221513,7.266746826211694,3.6824804023253324e-13,-0.3992807574610969,-0.5939904795533254,0.5525184806546124,-0.7010476586018651,-1.509436706679195,0.13118721856317744,,,,-0.7352018515858141,-0.841961869432256,0.3998092972022588,0.0781296301129032,0.14215014308222115,0.8869614118276352,0.04971476999106382
JPM,FF5,0.7917114932372968,0.7815012723175565,108,0.006793300335979962,1.860239232113391,0.06285168674347665,1.080720896840831,16.135381228767095,1.4391621678952866e-58,-0.1273608232309825,-0.8265046070098309,0.40851790575363434,1.1310419946009596,8.83066189697361,1.0405809097255237e-18,,,,-0.5675921789238392,-3.0011923890214693,0.0026892459719496105,-0.4889788485447685,-1.7373409196630085,0.08232701284123631,0.16760449798260438
GS,FF5,0.7201300752851716,0.7064109613285623,108,0.0009379224226834099,0.2277472926240508,0.8198427042153698,1.2999601766121311,14.91167275051372,2.767319325455808e-50,0.09569790667286171,0.555209548888755,0.5787513382706511,0.8882284080440561,4.018149930619165,5.8656871844893564e-05,,,,-0.3257820981453715,-1.5361335256031943,0.12450563531127819,-0.4335898598170878,-1.74685884506682,0.08066182616744108,0.9288809670126861
JNJ,FF5,0.4562003237326989,0.4295434768568508,108,-0.0012816081648432207,-0.4184408837580496,0.6756248001636453,0.6605184920574788,5.667756872402997,1.4467905961078149e-08,-0.27164441194056294,-1.9187776897666742,0.05501247450211942,-0.19967251974738182,-1.8626368332989316,0.0625133784896529,,,,0.20354293230379916,1.4041098565888168,0.16028613896271193,0.7811400648344584,4.170116146492526,3.0444443981088366e-05,0.9288809670126861
PG,FF5,0.4789517756569345,0.4534101960322744,108,-0.0011341431852568392,-0.3223105949703063,0.7472174074446213,0.5248703786402518,6.122400787043071,9.217581184655867e-10,-0.38087352015243514,-1.9745111885349476,0.0483236464937661,-0.2839986782934221,-2.325724993492144,0.020033226267000243,,,,0.6513288445495995,3.2331761578403477,0.0012242204779524637,0.8800555485557964,5.3723019338144855,7.773779791509567e-08,0.9288809670126861
XOM,FF5,0.5562500264273674,0.5344975767424345,108,-0.0008887873855194395,-0.13766708608409942,0.890503533164942,0.9593604889201808,7.512059437219541,5.820434959936465e-14,0.21855349784968112,0.8116410681173936,0.41699761888962406,0.6544438596048769,2.3297207815333447,0.01982091344516541,,,,-0.02100943401510902,-0.04507996762923279,0.9640435687035515,0.759745609168202,3.216243491640986,0.001298805830738787,0.9288809670126861
CVX,FF5,0.6225040681933456,0.6039993656538036,108,-0.0008042795318337361,-0.16670570633198004,0.867601615368465,1.1547698684015444,10.242380446229065,1.2804646989307238e-24,0.03578636829687426,0.1650263190947138,0.8689232664220156,0.5635277536352349,2.9455523394972327,0.003223786004862336,,,,-0.13301301627778345,-0.42120555140367705,0.6736049909762705,0.897748140866371,3.241832460000454,0.001187638193845124,0.9288809670126861
WMT,FF5,0.25543310267391894,0.21893472535401293,108,0.0009166518406112855,0.25290043849956756,0.8003451506113533,0.5253135228133837,4.5416882005266475,5.580553598426829e-06,-0.33323819753776907,-1.827944701052131,0.06755785136040801,-0.3327699882593044,-2.1635658395117567,0.030497685629574726,,,,0.32582353611486603,1.4350723624690265,0.15126647820542954,0.47296870026951865,2.5071646396422165,0.012170400897783857,0.9288809670126861
AMZN,FF5,0.63680531312388,0.6190016520025016,108,0.014303482721722641,2.4480471904122023,0.014363284208964924,1.3012993249997682,9.798468658833098,1.143053500756382e-22,-0.8122996958256525,-3.30805108757569,0.0009394766979739596,-0.35659023693777736,-1.880352910253256,0.06005999674905928,,,,-0.87311731074677,-2.9667316904555365,0.003009834912772855,-0.9017142022041935,-2.5343602451128917,0.011265285302094464,0.04971476999106382
META,FF5,0.3237860750462107,0.2906383336269073,108,0.0060785343676895715,0.7904815348817827,0.4292466018102573,1.0408620453019315,7.129103662406714,1.0102463091731704e-12,-0.36347119327946065,-1.1316153462237566,0.25779618539562676,-0.22765387505886805,-1.0197624325693724,0.3078411440536213,,,,0.35374180327576626,0.9517037048906731,0.3412472699061131,-0.5852826279330859,-1.6818718560845203,0.09259369117247276,0.7631050698849019
BRK-B,FF5,0.7081645322557844,0.6938588720722443,108,-0.00018112161299881514,-0.08925284709548313,0.9288809670126861,0.9172803514174179,11.685118518977186,1.5186757690223904e-31,-0.5410408578784293,-4.780757252144606,1.7463613034495253e-06,0.36410728586474655,3.580363038089109,0.0003431171572119198,,,,-0.0017758855955704173,-0.010614589962308203,0.9915309415842444,0.19567093848587355,1.262166682355711,0.20688881475986065,0.9288809670126861
IWM,FF5,0.9923113372024054,0.9919344419672291,108,-0.0012940675982359294,-2.668870399717556,0.007610681048658603,0.9953606493678531,89.46229342584037,0.0,0.7966828816395509,32.74327176318148,3.785411345392566e-235,0.09363008936035094,4.301590812332414,1.6957624844211258e-05,,,,-0.11021474949982693,-3.959239593250872,7.518877766221865e-05,-0.04499172225136844,-1.5088010099870652,0.13134964258834292,0.04059029892617922
